tf,stage,variant,comparison,atom_subset,n_states,median_A,q25_A,q75_A,iqr_A,min_A,max_A
dux4,0,shared,vs_reference,backbone,98,15.557590849249419,14.56509594588306,16.703701715854688,2.138605769971628,10.106822786989024,20.223347150091627
dux4,0,shared,vs_reference,sidechain,98,15.572760583959091,14.574267661656645,16.684752757333207,2.1104850956765624,10.094779151693858,20.163679611805932
dux4,0,shared,vs_reference,total,98,15.561471114451795,14.56811172282086,16.69465673254701,2.1265450097261507,10.106062401620836,20.21420181112676
dux4,1,shared,delta_stage0_to_stage1,backbone,98,7.098796592826913e-07,5.814707047930478e-07,9.270351902153672e-07,3.4556448542231935e-07,2.276229814168626e-07,1.3686624934957497e-06
dux4,1,shared,delta_stage0_to_stage1,sidechain,98,0.012782613612843982,0.01253149672064835,0.013192989137103876,0.000661492416455526,0.011391900366998586,0.014288394915863223
dux4,1,shared,delta_stage0_to_stage1,total,98,0.005627544454079571,0.005502659512527137,0.005798406819636843,0.00029574730710970557,0.005025318340155494,0.006295508215682779
dux4,1,shared,vs_reference,backbone,98,15.557590849249419,14.56509594588306,16.703701715854688,2.138605769971628,10.106822786989024,20.223347150091627
dux4,1,shared,vs_reference,sidechain,98,15.604716653699255,14.609860335212623,16.775305884591234,2.1654455493786102,10.69038539067382,20.316930830150728
dux4,1,shared,vs_reference,total,98,15.592682131593012,14.600039625098773,16.752310651302967,2.1522710262041933,10.423231966251114,20.289310831263062
dux4,2,shared,delta_stage1_to_stage2,backbone,98,1.8078788641004158e-06,1.5685318081150009e-06,2.3354423563765362e-06,7.669105482615354e-07,1.1031327127815168e-06,2.998807380997966e-06
dux4,2,shared,delta_stage1_to_stage2,sidechain,98,1.893398033456892e-06,1.6092840672650606e-06,2.2124299260561135e-06,6.031458587910529e-07,1.0510570495826337e-06,3.09626572469029e-06
dux4,2,shared,delta_stage1_to_stage2,total,98,1.7574180485248175e-06,1.5069705161065393e-06,2.2802222294727565e-06,7.732517133662172e-07,1.1098043833702674e-06,3.3772271905161186e-06
dux4,2,shared,vs_reference,backbone,98,15.557590520982416,14.565095255130245,16.70370147232096,2.1386062171907163,10.106822760262503,20.22334665806391
dux4,2,shared,vs_reference,sidechain,98,15.604715674558896,14.60985981928818,16.775304996820736,2.165445177532556,10.690384741952501,20.316930723665774
dux4,2,shared,vs_reference,total,98,15.59268127070694,14.60003919299802,16.752309668753295,2.152270475755275,10.423231467513121,20.28930963527074
dux4,3,legacy,delta_stage2_to_stage3,backbone,95,0.41965676251657236,0.3696262082520311,0.4675458667678109,0.09791965851577983,0.05566973996110344,0.63144260407375
dux4,3,legacy,delta_stage2_to_stage3,sidechain,95,1.1895333907828476,1.0807488007747037,1.320313823235147,0.2395650224604433,0.08588275158830244,1.7017478265670516
dux4,3,legacy,delta_stage2_to_stage3,total,95,0.9019591109240381,0.8304582726278349,1.009531390289573,0.17907311766173817,0.07320603423799187,1.286483351495749
dux4,3,legacy,vs_reference,backbone,95,15.763430911029861,14.569008165611985,16.7202339245208,2.151225758908817,10.097564013388492,20.238968114563033
dux4,3,legacy,vs_reference,sidechain,95,15.72670402245828,14.693979139704869,16.788239214967568,2.0942600752626994,10.670500988263615,20.334818896674015
dux4,3,legacy,vs_reference,total,95,15.758728036011828,14.637880644825646,16.756439249161012,2.118558604335366,10.409407894771332,20.30914160019435
dux4,3,metal_cage,delta_stage2_to_stage3,backbone,98,0.42349020401209625,0.38378476348496,0.47219225008341315,0.08840748659845316,0.23783168295139856,0.6238072853064307
dux4,3,metal_cage,delta_stage2_to_stage3,sidechain,98,1.2172290253248446,1.0695506841137903,1.3346591747028882,0.2651084905890979,0.5651961720045356,1.6769321944858762
dux4,3,metal_cage,delta_stage2_to_stage3,total,98,0.9365648000727507,0.824226102604964,1.0156589165040515,0.1914328138990875,0.4408452752901386,1.2627331527656276
dux4,3,metal_cage,vs_reference,backbone,98,15.579660962057117,14.582429603250711,16.716073875217507,2.133644271966796,10.115020144022102,20.228737541530894
dux4,3,metal_cage,vs_reference,sidechain,98,15.646068025294834,14.699897122309855,16.77067908853123,2.070781966221377,10.699882656870084,20.310955389711065
dux4,3,metal_cage,vs_reference,total,98,15.626512021507063,14.642260310900749,16.737114532048395,2.0948542211476457,10.433412061249266,20.28957688580477
egr1,0,shared,vs_reference,backbone,97,1.5114362790731706,1.1806621628471958,1.9068284538411269,0.726166290993931,0.8303485066541766,3.3672913001289957
egr1,0,shared,vs_reference,sidechain,97,1.6011964210883507,1.2774374836257292,2.0902293082085825,0.8127918245828534,0.8016633154955445,3.5298434235133995
egr1,0,shared,vs_reference,total,97,1.5371434813909615,1.191976049692201,1.9156266830790263,0.7236506333868253,0.8318125962066003,3.399955006118882
egr1,1,shared,delta_stage0_to_stage1,backbone,97,5.54206142844804e-07,3.7855645316740894e-07,7.182290969033602e-07,3.396726437359512e-07,1.4211294119457376e-07,1.0460570193260004e-06
egr1,1,shared,delta_stage0_to_stage1,sidechain,97,0.01274187970551072,0.012389930411075268,0.013289667846348309,0.000899737435273041,0.011451263881594287,0.014596406924464681
egr1,1,shared,delta_stage0_to_stage1,total,97,0.005650360652199602,0.005508412769938973,0.0059169044712370465,0.00040849170129807384,0.005094076158647147,0.00652774014787336
egr1,1,shared,vs_reference,backbone,97,1.5114362790731706,1.1806621628471958,1.9068284538411269,0.726166290993931,0.8303485066541766,3.3672913001289957
egr1,1,shared,vs_reference,sidechain,97,2.5771010937604863,2.2614253816224976,2.96612744951517,0.7047020678926725,1.7977856092292166,4.236883240847072
egr1,1,shared,vs_reference,total,97,2.155694292985508,1.8604229640340664,2.538957261082546,0.6785342970484798,1.4350736691355348,3.8518275554496078
egr1,2,shared,delta_stage1_to_stage2,backbone,97,1.362726675165575e-06,1.130731925962717e-06,1.5370535678072928e-06,4.063216418445758e-07,8.111350390245713e-07,2.2426723011333255e-06
egr1,2,shared,delta_stage1_to_stage2,sidechain,97,1.3374954275853624e-06,1.1902432740756181e-06,1.5239044203200267e-06,3.3366114624440856e-07,8.411197990992172e-07,1.985733639586869e-06
egr1,2,shared,delta_stage1_to_stage2,total,97,1.3535440763007637e-06,1.1525395587112215e-06,1.6043206188536568e-06,4.5178106014243533e-07,8.011655331834066e-07,2.045922160699377e-06
egr1,2,shared,vs_reference,backbone,97,1.5114365647233308,1.1806623506117224,1.9068289544471886,0.7261666038354662,0.8303486707942337,3.3672906322092104
egr1,2,shared,vs_reference,sidechain,97,2.5771010238742105,2.261425823911531,2.966127090308995,0.7047012663974641,1.7977855516091648,4.2368827369975595
egr1,2,shared,vs_reference,total,97,2.1556947081451003,1.8604231834134743,2.5389573491919792,0.6785341657785049,1.4350735768034981,3.851827050626515
egr1,3,legacy,delta_stage2_to_stage3,backbone,97,0.22744922563917244,0.21929888226570649,0.23722804099640588,0.01792915873069939,0.00019516665022522645,0.2900017261218588
egr1,3,legacy,delta_stage2_to_stage3,sidechain,97,0.7385359278682468,0.6471635598421797,0.8442598360671211,0.1970962762249414,0.002291397391474723,1.0485733203462895
egr1,3,legacy,delta_stage2_to_stage3,total,97,0.5611612966689429,0.49743704030065233,0.6351785899631397,0.13774154966248736,0.0016639532169640996,0.7809310804358347
egr1,3,legacy,vs_reference,backbone,97,1.49915898195031,1.1271018674646798,1.8525668363974637,0.7254649689327839,0.7933298763394403,3.386062676573833
egr1,3,legacy,vs_reference,sidechain,97,2.5522522666556773,2.158405182374461,2.9107253405428124,0.7523201581683514,1.747685638755205,4.225141155403814
egr1,3,legacy,vs_reference,total,97,2.106064502193964,1.7807833897487335,2.501308773862715,0.7205253841139816,1.4011880251496824,3.852936193015595
egr1,3,metal_cage,delta_stage2_to_stage3,backbone,95,0.22669958025271075,0.21973972814911033,0.23752209912619712,0.017782370977086792,0.00022965889796376388,0.3432641382547
egr1,3,metal_cage,delta_stage2_to_stage3,sidechain,95,0.7332959762558455,0.6209746327542004,0.8302504669725013,0.20927583421830087,0.002705903873786912,1.1173897734323401
egr1,3,metal_cage,delta_stage2_to_stage3,total,95,0.5554688839918474,0.47781768737661673,0.6249987521579257,0.14718106478130893,0.0019644868051118163,0.8446731560390462
egr1,3,metal_cage,vs_reference,backbone,95,1.4942484297923277,1.1167056894430956,1.854182282242629,0.7374765927995335,0.7868804150940624,3.3875003293186983
egr1,3,metal_cage,vs_reference,sidechain,95,2.5487593187133397,2.1550124257802836,2.900333244265907,0.7453208184856233,1.746563192696951,4.255449354146712
egr1,3,metal_cage,vs_reference,total,95,2.0977338252394153,1.7872625076155373,2.5044343048583553,0.717171797242818,1.3880285355597306,3.8704684420502526
tbp,0,shared,vs_reference,backbone,99,1.1857674086868202,1.0232980666190605,1.4062865897426098,0.38298852312354925,0.7264185169318532,2.251115927249619
tbp,0,shared,vs_reference,sidechain,99,1.2776181767919816,1.1379669829839798,1.5240636962205698,0.38609671323659,0.8222763730215548,2.3382507384907343
tbp,0,shared,vs_reference,total,99,1.1994678197068178,1.0386777474802709,1.4239659855088391,0.38528823802856826,0.7461417464417036,2.2680723132981155
tbp,1,shared,delta_stage0_to_stage1,backbone,99,8.402079794534513e-07,6.772956068063402e-07,9.902011691538927e-07,3.129055623475525e-07,3.3547733954904614e-07,1.4929629172877206e-06
tbp,1,shared,delta_stage0_to_stage1,sidechain,99,0.012925378022560009,0.012607774282403353,0.013169110496343325,0.0005613362139399725,0.012003849889968589,0.013672856278548886
tbp,1,shared,delta_stage0_to_stage1,total,99,0.0056593809870911236,0.005520554606227098,0.005795258703965704,0.000274704097738606,0.005257566498833079,0.006007694484616539
tbp,1,shared,vs_reference,backbone,99,1.1857674086868202,1.0232980666190605,1.4062865897426098,0.38298852312354925,0.7264185169318532,2.251115927249619
tbp,1,shared,vs_reference,sidechain,99,2.4879248766967033,2.3593616843258167,2.6255417796655305,0.26618009533971376,2.0841395477478946,3.2984578019311357
tbp,1,shared,vs_reference,total,99,1.9448665456525391,1.8098373695988053,2.1087154072428684,0.2988780376440632,1.5686831694675665,2.8224787945949297
tbp,2,shared,delta_stage1_to_stage2,backbone,99,1.7955479243442962e-06,1.4711387445326583e-06,2.0687995555396254e-06,5.976608110069671e-07,1.1302681633014216e-06,2.66967791918466e-06
tbp,2,shared,delta_stage1_to_stage2,sidechain,99,1.7888329319113995e-06,1.6245532924310058e-06,1.997039454732547e-06,3.724861623015412e-07,1.1585526411966345e-06,2.562046431958836e-06
tbp,2,shared,delta_stage1_to_stage2,total,99,1.6730332591484353e-06,1.41903025272966e-06,1.9273724713644937e-06,5.083422186348337e-07,1.0765633419427787e-06,2.805642855139951e-06
tbp,2,shared,vs_reference,backbone,99,1.185766693195451,1.023297876768944,1.4062864412880685,0.38298856451912444,0.7264183952444507,2.251115427788511
tbp,2,shared,vs_reference,sidechain,99,2.4879244211833056,2.3593615735462636,2.6255414237666987,0.2661798502204351,2.084139357255323,3.298457280624476
tbp,2,shared,vs_reference,total,99,1.9448660120351118,1.8098370023144201,2.108714825182681,0.2988778228682607,1.5686829332672332,2.8224784293460066
tbp,3,legacy,delta_stage2_to_stage3,backbone,97,0.23593596773980738,0.22463834863036392,0.24946364443537822,0.024825295805014302,0.15470127501172648,0.27849841991938
tbp,3,legacy,delta_stage2_to_stage3,sidechain,97,0.6131967162267303,0.5469105662397673,0.6928894530552253,0.145978886815458,0.10989197269247906,0.8576300519559519
tbp,3,legacy,delta_stage2_to_stage3,total,97,0.4592484362473116,0.42031316980127575,0.5164652094579901,0.09615203965671437,0.13447833856597177,0.6350771387579207
tbp,3,legacy,vs_reference,backbone,97,1.1604205577137963,0.9959026450875805,1.3920210867214333,0.3961184416338528,0.6902308947678844,2.2290831573820373
tbp,3,legacy,vs_reference,sidechain,97,2.4660022744063053,2.317098719156697,2.629641603804515,0.3125428846478182,2.072229926798261,3.279949722922283
tbp,3,legacy,vs_reference,total,97,1.919621282739461,1.7792913341410372,2.120357945375505,0.3410666112344676,1.5539261518816196,2.8029804238941787
tbp,3,metal_cage,delta_stage2_to_stage3,backbone,99,0.23860922401192988,0.22210816650692672,0.2485647421482212,0.026456575641294472,0.1255404789746713,0.27979654584193836
tbp,3,metal_cage,delta_stage2_to_stage3,sidechain,99,0.5916936354239484,0.5333948419204665,0.68006977159474,0.14667492967427354,0.10219324870303144,0.8951280916823335
tbp,3,metal_cage,delta_stage2_to_stage3,total,99,0.44916499640452523,0.40947650493024845,0.5099237184121362,0.10044721348188779,0.1146148116781049,0.6601710250176787
tbp,3,metal_cage,vs_reference,backbone,99,1.161521328708472,0.9939327596685159,1.3807931660263555,0.3868604063578396,0.6985996725912478,2.224210383566743
tbp,3,metal_cage,vs_reference,sidechain,99,2.468910480568787,2.3347325358421864,2.6324147378985012,0.2976822020563148,2.098870146353466,3.2391621864773104
tbp,3,metal_cage,vs_reference,total,99,1.9287639237154304,1.7900738279377693,2.104007062955521,0.3139332350177517,1.5718024935281627,2.777296101926675
