tf,key,n,med_rel_dev
csl,V_dna,36,0.7428254525478167
csl,X_dna,36,0.3612252958581168
csl,X_dna_point,36,0.3516795366631855
csl,V_prot,40,1.2083833504509836
csl,X_prot,40,0.29645136143401807
csl,Y_hard,36,0.0
csl,Y_pwm,40,0.0
csl,pwm_mask,40,0.0
csl,dna_mask,36,0.0
csl,aln_score,40,2.0158727792716794e-16
csl,dna_vectors,36,1.3455724213157358
csl,prot_vectors,40,1.4165485077377542
csl,contacts,40,0.13636363636363635
egr1,V_dna,34,1.0207229524300254
egr1,X_dna,34,0.3217358548344722
egr1,X_dna_point,34,0.3119655091549878
egr1,V_prot,40,1.0108148965221737
egr1,X_prot,40,0.3180709198749037
egr1,E_prot,40,0.0015241798242608112
egr1,Y_hard,34,0.0
egr1,Y_pwm,40,0.0
egr1,pwm_mask,40,0.0
egr1,dna_mask,34,0.0
egr1,aln_score,40,3.1788510560343946e-16
egr1,dna_vectors,34,0.9765480067606582
egr1,prot_vectors,40,1.1452872770298952
egr1,contacts,40,0.09690721649484535
engrailed,V_dna,37,1.3037451229307708
engrailed,X_dna,37,0.2911258309315669
engrailed,X_dna_point,37,0.28344476525698536
engrailed,Y_hard,37,0.0
engrailed,Y_pwm,40,0.0
engrailed,pwm_mask,40,0.0
engrailed,dna_mask,37,0.0
engrailed,aln_score,40,1.2945013199077938e-16
engrailed,dna_vectors,37,1.5623630860860147
engrailed,contacts,40,0.1826923076923077
err,V_prot,40,0.9978994218997985
err,X_prot,40,0.35134602489768374
err,E_prot,35,0.0015019097559396647
err,Y_pwm,40,0.0
err,pwm_mask,40,0.22222222222222224
err,aln_score,40,0.0918004473148202
err,prot_vectors,40,1.316735598865543
err,contacts,40,0.2512479201331115
err,V_dna,16,2.0233839781169913
err,X_dna,16,0.42602125674221514
err,X_dna_point,16,0.4137182250944813
err,Y_hard,16,0.0
err,dna_mask,16,0.0
err,dna_vectors,16,1.1448662699829282
ets1,Y_pwm,40,0.0
ets1,pwm_mask,40,0.0
ets1,aln_score,40,2.552266005003597e-16
ets1,contacts,40,0.12077922077922076
ets1,V_dna,15,1.1879114381403428
ets1,X_dna,15,0.5752843763471702
ets1,X_dna_point,15,0.5628275718500678
ets1,Y_hard,15,0.6153846153846154
ets1,dna_mask,15,0.4
ets1,dna_vectors,15,1.5139048133069792
foxa,V_dna,28,0.7314961940691724
foxa,X_dna,28,0.36461266640630885
foxa,X_dna_point,28,0.35512343763554943
foxa,V_prot,40,0.9877407375211842
foxa,X_prot,40,0.36085774385097114
foxa,E_prot,39,0.0014585097160898178
foxa,Y_hard,28,0.0
foxa,Y_pwm,40,0.0
foxa,pwm_mask,40,0.0
foxa,dna_mask,28,0.0
foxa,aln_score,40,1.227242020108949e-16
foxa,dna_vectors,28,0.7280533366650329
foxa,prot_vectors,40,1.0268003114517947
foxa,contacts,40,0.16023166023166024
hsf,Y_pwm,40,0.0
hsf,pwm_mask,40,0.0
hsf,aln_score,40,0.0
hsf,contacts,40,0.1826086956521739
hsf,V_dna,32,0.8140423853183716
hsf,X_dna,32,0.3336911803337034
hsf,X_dna_point,32,0.3246136931307652
hsf,Y_hard,32,0.0
hsf,dna_mask,32,0.0
hsf,dna_vectors,32,1.4162529190825923
irf,V_dna,5,0.9749890605651288
irf,X_dna,5,0.5880395147442294
irf,X_dna_point,5,0.5730189469646895
irf,Y_hard,5,0.0
irf,Y_pwm,5,0.0
irf,pwm_mask,5,0.0
irf,dna_mask,5,0.0
irf,aln_score,5,3.4964635735539784e-16
irf,dna_vectors,5,1.6392761378438305
irf,contacts,5,1.0
lef1,V_prot,13,1.2354787141310086
lef1,X_prot,13,0.39063406295742753
lef1,E_prot,12,0.0017457735727977408
lef1,Y_pwm,13,0.0
lef1,pwm_mask,13,0.3333333333333333
lef1,aln_score,13,0.176763430592739
lef1,prot_vectors,13,1.2989756443661407
lef1,contacts,13,0.2769423558897243
lef1,V_dna,2,1.336698487173328
lef1,X_dna,2,0.29678554375608024
lef1,X_dna_point,2,0.29055362378979943
lef1,Y_hard,2,0.0
lef1,dna_mask,2,0.0
lef1,dna_vectors,2,1.2376765750304535
nfat,V_dna,5,1.8197698699643559
nfat,X_dna,5,0.45912392535657487
nfat,X_dna_point,5,0.44834220774484385
nfat,V_prot,19,1.4117687648579906
nfat,X_prot,19,0.396006457924724
nfat,E_prot,18,0.0007993615099938923
nfat,Y_hard,5,0.0
nfat,Y_pwm,19,0.0
nfat,pwm_mask,19,0.2857142857142857
nfat,dna_mask,5,0.0
nfat,aln_score,19,0.07344790816814745
nfat,dna_vectors,5,1.4377039999064818
nfat,prot_vectors,19,1.4302727336772785
nfat,contacts,19,0.20884520884520885
runx,V_prot,35,1.0159816339524703
runx,X_prot,35,0.29644793979235556
runx,E_prot,35,0.0012153778768346627
runx,Y_pwm,35,0.0
runx,pwm_mask,35,0.0
runx,aln_score,35,0.0
runx,prot_vectors,35,1.46043953139187
runx,contacts,35,0.1292517006802721
runx,V_dna,28,0.8739065989591008
runx,X_dna,28,0.3043936021574182
runx,X_dna_point,28,0.2961872691583338
runx,Y_hard,28,0.0
runx,dna_mask,28,0.0
runx,dna_vectors,28,1.8726251963708875
tbp,V_dna,39,1.0199407516698888
tbp,X_dna,39,0.44867518213198243
tbp,X_dna_point,39,0.43893358291074586
tbp,V_prot,40,1.1011430048127195
tbp,X_prot,40,0.3004851509308951
tbp,E_prot,40,0.0007448143930199977
tbp,Y_hard,39,0.0
tbp,Y_pwm,40,0.0
tbp,pwm_mask,40,0.0
tbp,dna_mask,39,0.0
tbp,aln_score,40,0.0
tbp,dna_vectors,39,1.622033040818597
tbp,prot_vectors,40,1.4976042425605147
tbp,contacts,40,0.18023255813953487
