tf,n_states,d_own,d_other,ratio,r_channels
csl,57,4.28612587042264,5.065752983571066,0.8460984742689065,0.8722372691609128
egr1,60,3.2302648878394553,4.928961760143491,0.6553641608583743,0.9805845481268611
engrailed,60,3.1058614027517084,4.8763745635795015,0.6369201877863647,0.9268057538734626
err,41,6.062574308100776,5.672848187512805,1.0687002556221836,0.910087670233931
ets1,60,5.204228763300877,5.451122812409975,0.9547076707670169,0.9417011240036486
foxa,60,4.4031084931999285,5.357352475788119,0.8218814261520451,0.8102356797706691
hsf,60,3.5114947072408906,4.725848441088175,0.7430400595818374,0.9356184483070495
irf,5,6.954223628751187,8.669869954017448,0.8021139493019426,0.8254876397128686
lef1,13,7.514606722787591,8.336898782451225,0.9013671532879205,0.8315450258249735
nfat,19,8.440827475285374,6.311512929060016,1.3373699095856055,0.833148677441951
runx,35,3.173015442684465,5.570103238492403,0.5696511010347574,0.9549715519159712
tbp,60,5.457605310885567,11.304878577856567,0.48276549573700445,0.897060621082871
