condition,tf,crystal_leakage,n_states,n_seeds,r_mean,r_sd,mae_mean,jsd_mean,ic_mean,r_exp_mean,crystal_ic,crystal_r_exp,ens_r_crystal,ens_r_exp,ens_ic,ic_deficit
aug_frozen,csl,exact,57,5,0.858058102072471,0.12816665568840685,0.08666082260500006,0.07245740339832663,8.05931176651895,0.8317435114361018,8.009193221299457,0.9085840076744709,0.9498113846420374,0.9221166513162204,6.45002882053234,-0.05011854521949388
aug_frozen,egr1,exact,90,5,0.8798735093216259,0.10595631417224359,0.09126731961445052,0.08769216306065143,11.640032909842805,0.8041474499925053,13.471513372556316,0.8188601458405435,0.9390984116962878,0.8589616582075912,10.30032267993186,1.831480462713511
aug_frozen,engrailed,exact,85,5,0.8912847646744604,0.11839956411213864,0.08275334195612052,0.06968338415044677,7.508102240827064,0.9064429930916633,7.7683758512823315,0.9547223159965968,0.9574469620578403,0.9738450723734122,6.477738924004042,0.2602736104552674
aug_frozen,err,held_out,41,5,0.6814940028814701,0.21269458861136858,0.14607395161433484,0.18166326527819157,8.794635067710315,0.7245385671133141,11.446609252611355,0.7677272493921967,0.851331680352442,0.895972313356183,6.5350353790180815,2.6519741849010394
aug_frozen,ets1,held_out,99,5,0.8722972203347381,0.11724130298687437,0.07854477549561535,0.0689253607446499,10.343140944220737,0.8153449432395786,12.144036751742005,0.830267811806902,0.9211072749621829,0.8366996751612248,10.079781036923839,1.8008958075212682
aug_frozen,foxa,structure_only,70,5,0.8644116164018382,0.18438340692851915,0.08224024367191074,0.07708166304708146,8.355670895884035,0.8904957081186244,8.683448679008396,0.959062641882206,0.9521256614696127,0.9814160259912853,7.332280265516483,0.3277777831243611
aug_frozen,hsf,held_out,96,5,0.615652363996844,0.5176337241639039,0.14406005605955835,0.1889077569589113,10.410388738511186,0.6311615454972339,10.90365672015299,0.9647307850671887,0.9079472938807827,0.9426610678821893,11.663622301042079,0.49326798164180374
aug_frozen,irf,exact,5,5,0.701401608493572,0.09785616121812914,0.15399256260879884,0.15464293333505771,10.757359510084111,0.8018356743331484,9.430758842250679,0.8164417631420523,0.7268635174041163,0.831386082287508,9.971537845043859,-1.3266006678334321
aug_frozen,lef1,exact,12,5,0.49488505943090705,0.26745901270893874,0.193266691772362,0.2196415769584459,8.122064636067446,0.4035458350232023,8.57383139802087,0.4663523705224499,0.746123988609158,0.5970798118072519,5.49266007261759,0.451766761953424
aug_frozen,nfat,exact,17,4,0.6617089579718504,0.2676571127072125,0.15382298319975762,0.1696857428591702,7.198478494154508,0.7517428956417835,7.501689180875217,0.699958558081412,0.8216009028113715,0.9131411506345878,5.3958752604932165,0.3032106867207087
aug_frozen,runx,held_out,35,5,0.674558702840569,0.20834926167414974,0.1419205854642786,0.14719610437209676,7.564500181357943,0.6829536767193422,9.414444713140615,0.9322944556639706,0.8931454480099965,0.9066497838613122,5.372943943896143,1.849944531782672
aug_frozen,tbp,held_out,94,5,0.7614760320583321,0.1982415147410068,0.10121044635548854,0.08403076455642874,5.311831245256565,0.7298304910471434,4.817489884020037,0.6414707726738177,0.8370181542755806,0.8061126619321636,7.134413144648741,-0.49434136123652817
aug_relax,csl,exact,56,5,0.8545084419919275,0.16448874993636883,0.09087427365637808,0.08809023105554152,9.112200150944169,0.8762979562263042,10.206849480170845,0.9351020594699205,0.9413856218683156,0.96568452523637,7.48678222671293,1.0946493292266766
aug_relax,egr1,exact,86,5,0.8463736351732888,0.13366587152248122,0.09659658859794736,0.10194130877350215,11.011932725663142,0.7966710456106187,12.810382701190084,0.8957568263661526,0.9212109925250624,0.8680192927870879,9.540623687630875,1.7984499755269425
aug_relax,engrailed,exact,84,5,0.8804194362112108,0.152948990341904,0.08313415313271531,0.07601284065260878,7.397571770962067,0.8979306701273566,8.051017811469737,0.9431284864230911,0.9599766585971757,0.9803562382638071,6.150193680039317,0.6534460405076707
aug_relax,err,held_out,28,5,0.5104345355354009,0.2369943515182391,0.19296183547472323,0.23353049135144138,8.637108018640916,0.7011476550888587,9.019998839450274,0.5749143635129699,0.6763386104114587,0.9082020012078708,5.481817803061723,0.382890820809358
aug_relax,ets1,held_out,97,5,0.8826634826802751,0.09873618858242379,0.0749016035792027,0.06793374748481319,9.869412508958975,0.9171297020306669,12.01686306049216,0.880136856753408,0.9197477945131596,0.9712594270924857,9.501870385107091,2.1474505515331845
aug_relax,foxa,structure_only,64,5,0.8958262997891113,0.12140368634815704,0.075926196758243,0.06650126171744046,8.698609320593423,0.9022392917275874,9.218217606358195,0.97194404218606,0.9756984975865223,0.9825546468589538,7.275290867924264,0.5196082857647717
aug_relax,hsf,held_out,98,5,0.6048509202322974,0.52163599220914,0.14441517306944,0.18980729175798217,10.158456701179409,0.6327927060184859,10.595339401117434,0.945856917272587,0.8893748894466279,0.9471115484074479,11.972760521381394,0.43688269993802464
aug_relax,irf,exact,7,5,0.7394492225446062,0.10705815162062629,0.14220118932801296,0.12074429912530919,8.324234547383508,0.8571313395063677,8.580635318355059,0.7769757108223561,0.7239614834220298,0.8843354089450737,8.233223596636936,0.2564007709715508
aug_relax,lef1,exact,11,5,0.5676376077912888,0.2130515835088151,0.1859418041577884,0.23353568317626672,10.895951015140616,0.52372142521796,11.64691372672035,0.5129419402290147,0.7676640096091881,0.6874652253361259,7.061112754581849,0.7509627115797333
aug_relax,nfat,exact,8,5,0.6129675093595701,0.17949449745715104,0.17246328979313122,0.20741506462102954,8.17167756898819,0.7402057749362101,8.799671115449295,0.6336855757673581,0.73245531290808,0.8769753937142466,6.255688916075633,0.627993546461104
aug_relax,runx,held_out,34,5,0.6476990464253971,0.20721299058532092,0.1452661661065156,0.14941078457026927,8.139549374200385,0.6789773686529162,8.818461141980645,0.8561933222025484,0.8716379130229199,0.9121460871200648,4.684702273781614,0.6789117677802601
aug_relax,tbp,held_out,96,5,0.7464601933364058,0.23122399274034716,0.11945621643296525,0.10554915523141985,5.14623043236101,0.7087803554553354,4.817042171297286,0.5254834512688833,0.8089248094982631,0.7683785287683873,6.786679154998777,-0.3291882610637238
baseline,csl,exact,57,5,0.3988596671552907,0.28913303645373056,0.21188921628168994,0.26404642975023296,7.534944855358704,0.4143842611737469,8.6057937895971,0.9238755985230073,0.6569355894851006,0.6832076480697209,3.041683826701313,1.0708489342383967
baseline,egr1,exact,90,5,0.5997562153791508,0.20266455246360301,0.17785056643302216,0.21534134662968663,9.309342226953119,0.5974502980423511,11.998937812586743,0.8268008868255187,0.7938487025928616,0.7954823556590458,5.712548714656625,2.689595585633624
baseline,engrailed,exact,85,5,0.8348780529555114,0.1799047405956766,0.0999824145788987,0.09028809972933205,6.417428149474469,0.778611960681608,7.581197020962963,0.9155124945138693,0.9629264290937296,0.895145518690225,4.912171975245044,1.163768871488494
baseline,err,held_out,41,5,0.3745825627451891,0.27310097433367986,0.21927448100017896,0.2709370780538725,7.018963457642039,0.22567924823626379,8.78314397487551,0.40453336378795857,0.7104642176217235,0.38590949775678507,3.149633552831021,1.76418051723347
baseline,ets1,held_out,99,5,0.5429339502598121,0.17987395311968524,0.17287189016054064,0.19474564349369866,7.784862020692642,0.4164692033992573,10.310794360205978,0.7652034212335357,0.7665431504636979,0.5649402446827969,4.783416464927169,2.5259323395133366
baseline,foxa,structure_only,70,5,0.5737609420104004,0.23075894633941393,0.1817681183344558,0.2016915331379688,7.394662524859274,0.5545828725987526,6.525834834327594,0.8500923625292935,0.770464590913045,0.7400586662974031,4.882149713033604,-0.8688276905316794
baseline,hsf,held_out,96,5,0.2724460827491881,0.392301427413572,0.20986106633956342,0.2499377372344448,6.838286291952226,0.21041089023487583,6.81254123454678,0.7084837206333301,0.6052290770500147,0.5076068868393417,4.933967960663791,-0.025745057405446303
baseline,irf,exact,5,5,0.5346012815214154,0.1226995787383462,0.19701477113864685,0.21425124108069485,9.535303544494472,0.6461380758140249,9.704269587968316,0.7227623768988869,0.5764675471276641,0.6960553293802674,8.368757430624525,0.16896604347384425
baseline,lef1,exact,12,4,0.34895200550279,0.26349857595898496,0.2334679809542697,0.31223706490984315,8.704925531014258,0.17975560859357564,10.18122024786452,0.32364407573096243,0.5944360488429957,0.32000821889049014,4.750766794510897,1.476294716850262
baseline,nfat,exact,17,5,0.3254009299559875,0.32145180737442636,0.2438361951765794,0.3363737385251241,6.89080397735548,0.1760997107072221,9.262461658225762,0.6239522591816641,0.6329439726385319,0.3106282458209579,3.521893897055419,2.371657680870282
baseline,runx,held_out,35,5,0.43302001668165474,0.2702343984615735,0.18407873270564667,0.20620709570401308,6.658616266303039,0.40006884412299276,7.830442782770318,0.7328114651940901,0.730893897684023,0.6742999541374803,3.528026672565356,1.171826516467279
baseline,tbp,held_out,94,5,0.812030765311099,0.2339157720273928,0.10695183378760359,0.10335370132205039,5.851552088175333,0.11738064572399608,6.141058975875511,0.12751040903426433,0.915005031722343,0.1325525989395692,7.246084952762445,0.2895068877001785
