tf,pdb,pwm_label,n_states,n_seeds,n_cols,r_mean,r_sd,r_min,r_max,mae_mean,jsd_mean,ic_mean,cons_match_mean,r_exp_mean,mae_exp_mean,crystal_ic,crystal_r_exp,crystal_mae_exp,crystal_consensus,ens_r_crystal,ens_mae_crystal,ens_r_exp,ens_mae_exp,ens_ic,ens_consensus,ic_deficit,exp_gain_ensemble
csl,3brg,SUH_MOUSE.H11MO.0.A,57,5,8.0,0.3988596671552907,0.28913303645373056,-0.24603651217528602,0.9683030555114505,0.21188921628168994,0.26404642975023296,7.534944855358704,4.105263157894737,0.4143842611737469,0.21517905556282566,8.6057937895971,0.9238755985230073,0.08227826409074623,TTTCCCAA,0.6569355894851006,0.1764100529924436,0.6832076480697209,0.18294735973419476,3.041683826701313,TTTCTTAC,1.0708489342383967,-0.24066795045328637
egr1,1aay,EGR1_MOUSE.H11MO.0.A,90,5,9.0,0.5997562153791508,0.20266455246360301,-0.008426763741762766,0.99135234195953,0.17785056643302216,0.21534134662968663,9.309342226953119,5.535555555555556,0.5974502980423511,0.19078352695074496,11.998937812586743,0.8268008868255187,0.11502383676060061,.GGGGGGGGG..,0.7938487025928616,0.15797023190982823,0.7954823556590458,0.16423325835217098,5.712548714656625,.GCGGGGGCG..,2.689595585633624,-0.031318531166472874
engrailed,3hdd,MA0220.1.jaspar,85,5,6.0,0.8348780529555114,0.1799047405956766,-0.1084873429644242,0.9982685778998373,0.0999824145788987,0.09028809972933205,6.417428149474469,4.896470588235294,0.778611960681608,0.14967952613230842,7.581197020962963,0.9155124945138693,0.10210989310847556,TAATTA.,0.9629264290937296,0.07569207741673972,0.895145518690225,0.1418983059667563,4.912171975245044,TAATTG.,1.163768871488494,-0.02036697582364433
err,1lo1,MA0141.3.jaspar,41,5,7.0,0.3745825627451891,0.27310097433367986,-0.3671597310468119,0.8867689665634354,0.21927448100017896,0.2709370780538725,7.018963457642039,3.5121951219512195,0.22567924823626379,0.3046236996242629,8.78314397487551,0.40453336378795857,0.2561821227377449,TCAATGGAA.,0.7104642176217235,0.1581434546178704,0.38590949775678507,0.29045183261895235,3.149633552831021,CATGGGTTA.,1.76418051723347,-0.018623866031173497
ets1,1k79,MA0098.2.jaspar,99,5,10.0,0.5429339502598121,0.17987395311968524,-0.13711951145371581,0.9927202909352866,0.17287189016054064,0.19474564349369866,7.784862020692642,5.527272727272727,0.4164692033992573,0.21630256494905753,10.310794360205978,0.7652034212335357,0.12016979536767394,.ACTGGAAGTG,0.7665431504636979,0.1417563217072705,0.5649402446827969,0.19965604245609803,4.783416464927169,.ACTGGAGGTC,2.5259323395133366,-0.20026317655073878
foxa,1vtn,MA1683.1.jaspar,70,5,7.0,0.5737609420104004,0.23075894633941393,-0.23393094960532618,0.9405460374679467,0.1817681183344558,0.2016915331379688,7.394662524859274,4.088571428571429,0.5545828725987526,0.19162324225953245,6.525834834327594,0.8500923625292935,0.10465047210122327,TTTAAAC..,0.770464590913045,0.12694836656856545,0.7400586662974031,0.15578586492104649,4.882149713033604,ATTCCACC.,-0.8688276905316794,-0.11003369623189041
hsf,5d5u,MA0486.2.jaspar,96,5,9.0,0.2724460827491881,0.392301427413572,-0.4587122280168426,0.9730979733710123,0.20986106633956342,0.2499377372344448,6.838286291952226,3.86875,0.21041089023487583,0.28155010507652034,6.81254123454678,0.7084837206333301,0.1768711286328552,....GTTCCCGAA,0.6052290770500147,0.15128519630452222,0.5076068868393417,0.2525933406948224,4.933967960663791,.TTTTTTGGAGAA,-0.025745057405446303,-0.20087683379398835
irf,1if1,IRF1_MOUSE.H11MO.0.A,5,5,10.0,0.5346012815214154,0.1226995787383462,0.34902383955207655,0.7580409023679282,0.19701477113864685,0.21425124108069485,9.535303544494472,6.6,0.6461380758140249,0.182759795930973,9.704269587968316,0.7227623768988869,0.1616830546312849,TGTTCCACAT.......,0.5764675471276641,0.18654355323219907,0.6960553293802674,0.17284316595047775,8.368757430624525,TTTTTCATTT.......,0.16896604347384425,-0.02670704751861952
lef1,2lef,LEF1_MOUSE.H11MO.0.B,12,4,8.0,0.34895200550279,0.26349857595898496,-0.11912963620428078,0.8902552189445363,0.2334679809542697,0.31223706490984315,8.704925531014258,3.8125,0.17975560859357564,0.2567629142418503,10.18122024786452,0.32364407573096243,0.22781364470162974,CCTTTAGAA...,0.5944360488429957,0.20134196616675964,0.32000821889049014,0.19309886206774662,4.750766794510897,CCTTGATATATC,1.476294716850262,-0.0036358568404722957
nfat,1a66,NFAC1_HUMAN.H11MO.0.B,17,5,6.0,0.3254009299559875,0.32145180737442636,-0.28235269176947364,0.9895016978251368,0.2438361951765794,0.3363737385251241,6.89080397735548,2.6,0.1760997107072221,0.28058170976387276,9.262461658225762,0.6239522591816641,0.1693288880996014,.GGGATTT,0.6329439726385319,0.20489501978620267,0.3106282458209579,0.24909137403988696,3.521893897055419,.GGTATTT,2.371657680870282,-0.3133240133607062
runx,1hjc,RUNX1_MOUSE.H11MO.0.A,35,5,9.0,0.43302001668165474,0.2702343984615735,-0.19996982033342722,0.9508015833554586,0.18407873270564667,0.20620709570401308,6.658616266303039,4.782857142857143,0.40006884412299276,0.21808202293208215,7.830442782770318,0.7328114651940901,0.13837478907290562,CCGGGGGGT.,0.730893897684023,0.14493542384497746,0.6742999541374803,0.2040584692170837,3.528026672565356,CCTGAGGCTT,1.171826516467279,-0.05851151105660979
tbp,1tgh,MA0343.1.jaspar,94,5,5.0,0.812030765311099,0.2339157720273928,-0.30727023918866925,0.9991552284040746,0.10695183378760359,0.10335370132205039,5.851552088175333,3.872340425531915,0.11738064572399608,0.3218281743244146,6.141058975875511,0.12751040903426433,0.3187539294358612,..TATAA....,0.915005031722343,0.08583183969515731,0.1325525989395692,0.3191192920232645,7.246084952762445,.CTATAAAG..,0.2895068877001785,0.005042189905304861
