tf,dna,selffam,n_seeds,n_entries,dP_mean,dP_lo,dP_hi,dP_p,dMAE_mean,n_neg_seeds
csl,frozen,False,6,125,-0.04264358555504336,-0.12598510690742332,0.0406979357973366,0.2454953586974959,0.050449879964192736,4
csl,frozen,True,6,5,0.10275906678175771,-0.009554903669768411,0.21507303723328383,0.06540603931950831,-0.08814591368039452,2
csl,relax,False,5,125,-0.005675846716660238,-0.053186448332479735,0.04183475489915926,0.7567761038901527,0.006246425700187697,3
csl,relax,True,5,5,0.15801965612676214,0.0858987542875593,0.23014055796596497,0.0036910024981112234,-0.17570353031158453,0
egr1,frozen,False,6,106,-0.03254820821624129,-0.06794068134708083,0.0028442649145982435,0.06443034741849497,0.050432876502193004,5
egr1,frozen,True,6,24,-0.0025293934583481836,-0.05790777565481846,0.05284898873812209,0.9111052020727308,0.016863556785715956,4
egr1,relax,False,5,106,-0.03376391709713711,-0.05639995288602355,-0.01112788130825067,0.014360806338020969,0.04669152692241487,5
egr1,relax,True,5,24,0.021861659130657674,-0.028117045701438668,0.07184036396275402,0.2913596744673514,0.01679231971502302,1
engrailed,frozen,False,6,119,-0.0030879695690914457,-0.06245687416053213,0.056280935022349245,0.8988512836420166,0.02054366207465071,2
engrailed,frozen,True,6,11,-0.015237467017145687,-0.10177911002831738,0.071304175994026,0.6697948376875495,0.02091694058793962,3
engrailed,relax,False,5,119,0.0072510999149626885,-0.055685235656349516,0.07018743548627489,0.7650682362340039,0.006298830003297629,2
engrailed,relax,True,5,11,0.013495302034611379,-0.10682291587453215,0.1338135199437549,0.771040143386599,-0.03267787125977602,3
err,frozen,False,6,120,-0.02541133513800194,-0.04964654436152259,-0.001176125914481286,0.043023481326244804,0.028668188986678906,5
err,frozen,True,6,10,-0.0025314455682817947,-0.06720135329260649,0.0621384621560429,0.9237599035776543,-0.0029785161217053915,3
err,relax,False,4,120,-0.008337710180118002,-0.08623367867185164,0.06955825831161563,0.7558353426291738,0.010574247594922787,2
err,relax,True,4,10,0.03591953967747477,-0.17743648352504945,0.249275562879999,0.6292861890067469,-0.045784850791096676,2
ets1,frozen,False,6,120,-0.00802695080204848,-0.03549470303875767,0.019440801434660718,0.48635971616578605,0.022868342180218954,3
ets1,frozen,True,6,10,0.11085633745430845,0.03521514774771631,0.1864975271609006,0.013058711290877987,-0.1265885944167773,0
ets1,relax,False,5,120,-0.028230323899111176,-0.07178547107670014,0.01532482327847779,0.14631388332096174,0.045715561136603335,4
ets1,relax,True,5,10,0.11035398735727939,0.031994749278013865,0.1887132254365449,0.017392489493520184,-0.12129283845424652,0
foxa,frozen,False,6,125,-0.0016324931979140311,-0.031145526302706915,0.027880539906878853,0.8924818791603835,0.012155123849709812,3
foxa,frozen,True,6,5,-0.005552563743069561,-0.0934916058439202,0.08238647835778108,0.877417837763183,0.07890802323818207,3
foxa,relax,False,5,125,-0.03903600897773711,-0.04792752645153919,-0.030144491503935028,0.0002600143049527806,0.0420691386222839,5
foxa,relax,True,5,5,0.03009547683478069,-0.07054944097180187,0.13074039464136325,0.45308674541556443,-0.011081566810607912,2
hsf,frozen,False,5,127,0.0022630211452100866,-0.029226743744982703,0.033752786035402875,0.8515808458397851,-0.010557407938589303,2
hsf,frozen,True,5,3,0.03662900763059342,-0.05528736738847636,0.1285453826496632,0.3306038914682202,-0.062107636531194034,2
hsf,relax,False,5,127,0.019951278417765828,-0.019914528086574502,0.05981708492210616,0.23702389144465283,-0.0015924331006102576,1
hsf,relax,True,5,3,0.050842789433081605,-0.04836080695954447,0.15004638582570767,0.2278328517952154,-0.05183712840080261,1
irf,frozen,False,5,126,-0.014524077894877752,-0.03865402190866496,0.009605866118909453,0.17000697075074275,0.01596085230509443,3
irf,frozen,True,5,4,0.03319295707042327,-0.08266093516807718,0.14904684930892373,0.47087544787790897,-0.10316814780235291,2
irf,relax,False,5,126,-0.009859918649320055,-0.04450435014630394,0.024784512847663833,0.47362776028442277,0.006382360770588802,4
irf,relax,True,5,4,-0.05247233460162533,-0.19888691613969367,0.09394224693644303,0.37604103286294116,0.05257508158683778,3
lef1,frozen,False,5,130,-0.00668410803133559,-0.05775787521819213,0.044389659155520955,0.7347265299777141,-0.0010745295194479088,3
lef1,relax,False,5,130,0.039222169860595,-0.11993060476658067,0.19837494448777065,0.5314104611969841,-0.05026077359914782,4
nfat,frozen,False,5,115,-0.03320462545069691,-0.09163027081912103,0.025221019917727204,0.18972290838232858,0.03316040337085722,4
nfat,frozen,True,5,15,0.015104074315557802,-0.041507093634723685,0.0717152422658393,0.4999624727834653,0.004250013232231153,2
nfat,relax,False,5,115,0.00034890735040671306,-0.018171533702078725,0.01886934840289215,0.9607931709236388,0.00029631135256396045,2
nfat,relax,True,5,15,-0.003817140692833609,-0.09654313207217746,0.08890885068651025,0.9145115313505947,-0.00914422591527302,3
runx,frozen,False,6,125,-0.0029707420397516726,-0.014565267699657419,0.008623783620154073,0.539247422777525,0.008098437388737981,5
runx,frozen,True,6,5,0.08406587740701744,-0.04748008423571108,0.21561183904974596,0.16135496056218893,-0.09032453099886578,2
runx,relax,False,5,125,0.012959241955419688,-0.026421480987721378,0.052339964898560756,0.4125853861310321,-0.01280804648399354,2
runx,relax,True,5,5,0.09421143564337395,0.02011440269307553,0.16830846859367238,0.02422751456687687,-0.13373096585273742,1
tbp,frozen,False,6,124,-0.014461312271127347,-0.04762515503676733,0.018702530494512634,0.31325285894571553,0.024135692605888975,4
tbp,frozen,True,6,6,-0.030912220067060663,-0.14378498416491864,0.0819605440307973,0.5128585115594894,0.04277609619829392,3
tbp,relax,False,5,124,-0.0415125586276611,-0.08211522179423364,-0.000909895461088564,0.04693106583374881,0.049515869204075066,5
tbp,relax,True,5,6,0.007879471810730076,-0.13840682072859473,0.15416576435005486,0.8883580433744283,-0.001172327995300293,2
