chain,resseq,cond,mean_Pdisp,sd_Pdisp,n
B,2,frozen,0.1034,0.1082,83
B,3,frozen,0.2978,0.4342,83
B,4,frozen,0.4308,0.4835,83
B,5,frozen,0.3217,0.2887,83
B,6,frozen,0.3863,0.5148,83
B,7,frozen,0.6026,0.6169,83
B,8,frozen,0.6134,0.641,83
B,9,frozen,0.6403,0.6171,83
B,10,frozen,0.6409,0.6371,83
B,11,frozen,0.731,0.5934,83
B,12,frozen,0.9722,0.5631,83
B,13,frozen,0.8198,0.595,83
B,14,frozen,0.4498,0.3008,83
B,15,frozen,0.3271,0.1973,83
C,2,frozen,0.2172,0.0757,83
C,3,frozen,0.1475,0.1161,83
C,4,frozen,0.251,0.2134,83
C,5,frozen,0.4972,0.4221,83
C,6,frozen,1.1019,0.6381,83
C,7,frozen,1.419,0.6953,83
C,8,frozen,1.0362,0.6635,83
C,9,frozen,0.7162,0.4745,83
C,10,frozen,0.5426,0.3576,83
C,11,frozen,0.6353,0.4172,83
C,12,frozen,0.4539,0.463,83
C,13,frozen,0.2522,0.3064,83
C,14,frozen,0.1369,0.1179,83
C,15,frozen,0.158,0.1069,83
B,2,relaxed,0.4524,0.4587,85
B,3,relaxed,0.8264,0.779,85
B,4,relaxed,0.8513,0.7337,85
B,5,relaxed,0.6827,0.6313,85
B,6,relaxed,0.7961,0.8665,85
B,7,relaxed,1.07,0.9639,85
B,8,relaxed,1.2395,0.9994,85
B,9,relaxed,1.1644,0.6774,85
B,10,relaxed,1.3153,0.8906,85
B,11,relaxed,1.476,0.9936,85
B,12,relaxed,1.7528,0.8986,85
B,13,relaxed,1.7272,0.9279,85
B,14,relaxed,1.0697,0.6898,85
B,15,relaxed,0.8,0.3824,85
C,2,relaxed,0.6043,0.2531,85
C,3,relaxed,0.4463,0.3789,85
C,4,relaxed,0.8635,0.6032,85
C,5,relaxed,1.3157,0.9259,85
C,6,relaxed,2.095,0.9621,85
C,7,relaxed,2.2996,0.9834,85
C,8,relaxed,1.9451,0.9892,85
C,9,relaxed,1.5263,0.8155,85
C,10,relaxed,1.2791,0.6304,85
C,11,relaxed,1.4657,0.6217,85
C,12,relaxed,0.9937,0.6364,85
C,13,relaxed,0.6329,0.5293,85
C,14,relaxed,0.4672,0.2309,85
C,15,relaxed,0.4778,0.241,85
