pilot,stage,state,ca_rmsd,nres
tbp,stage2,001,0.8095,180
tbp,stage2,002,1.0085,180
tbp,stage2,003,0.63,180
tbp,stage2,004,1.3969,180
tbp,stage2,005,1.7329,180
tbp,stage2,006,1.6169,180
tbp,stage2,007,1.2359,180
tbp,stage2,008,2.2431,180
tbp,stage2,009,0.6004,180
tbp,stage2,010,1.6867,180
tbp,stage2,011,1.5444,180
tbp,stage2,012,1.3267,180
tbp,stage2,013,1.2267,180
tbp,stage2,014,1.7351,180
tbp,stage2,015,1.6028,180
tbp,stage2,016,1.4313,180
tbp,stage2,017,0.6701,180
tbp,stage2,018,1.7122,180
tbp,stage2,019,1.9532,180
tbp,stage2,020,1.206,180
tbp,stage2,021,1.1612,180
tbp,stage2,022,1.7728,180
tbp,stage2,023,0.9093,180
tbp,stage2,024,1.0298,180
tbp,stage2,025,0.6696,180
tbp,stage2,026,1.3088,180
tbp,stage2,027,1.8007,180
tbp,stage2,028,0.7096,180
tbp,stage2,029,0.8122,180
tbp,stage2,030,1.5166,180
tbp,stage2,031,0.9292,180
tbp,stage2,032,1.1312,180
tbp,stage2,033,1.0514,180
tbp,stage2,034,0.8182,180
tbp,stage2,035,1.1533,180
tbp,stage2,036,1.1938,180
tbp,stage2,037,1.1757,180
tbp,stage2,038,1.648,180
tbp,stage2,039,0.9898,180
tbp,stage2,040,1.1697,180
tbp,stage2,041,0.9644,180
tbp,stage2,042,1.8078,180
tbp,stage2,043,1.422,180
tbp,stage2,044,1.7307,180
tbp,stage2,045,1.0749,180
tbp,stage2,046,0.815,180
tbp,stage2,047,1.1237,180
tbp,stage2,048,1.5146,180
tbp,stage2,049,1.5662,180
tbp,stage2,050,1.2261,180
tbp,stage2,051,0.7534,180
tbp,stage2,052,1.5336,180
tbp,stage2,053,1.23,180
tbp,stage2,054,0.8242,180
tbp,stage2,055,1.0348,180
tbp,stage2,056,1.4153,180
tbp,stage2,057,0.7967,180
tbp,stage2,058,1.3564,180
tbp,stage2,059,0.709,180
tbp,stage2,060,0.8413,180
tbp,stage2,061,1.5662,180
tbp,stage2,062,1.5253,180
tbp,stage2,063,1.6999,180
tbp,stage2,064,0.8835,180
tbp,stage2,065,1.9168,180
tbp,stage2,066,1.3695,180
tbp,stage2,067,1.3778,180
tbp,stage2,068,1.682,180
tbp,stage2,069,0.8113,180
tbp,stage2,070,0.9955,180
tbp,stage2,071,1.0023,180
tbp,stage2,072,1.424,180
tbp,stage2,073,1.3545,180
tbp,stage2,074,1.0645,180
tbp,stage2,075,1.3947,180
tbp,stage2,076,0.8454,180
tbp,stage2,077,0.9285,180
tbp,stage2,078,1.0735,180
tbp,stage2,079,2.0173,180
tbp,stage2,080,1.262,180
tbp,stage2,081,1.0567,180
tbp,stage2,082,2.48,180
tbp,stage2,083,1.1479,180
tbp,stage2,084,0.9068,180
tbp,stage2,085,1.0351,180
tbp,stage2,086,0.723,180
tbp,stage2,087,0.9857,180
tbp,stage2,088,1.3432,180
tbp,stage2,089,0.9467,180
tbp,stage2,090,1.3833,180
tbp,stage2,091,1.4721,180
tbp,stage2,092,2.1399,180
tbp,stage2,093,1.3438,180
tbp,stage2,094,1.1308,180
tbp,stage2,095,0.9405,180
tbp,stage2,096,1.2518,180
tbp,stage2,097,1.0439,180
tbp,stage3,001,0.7784,180
tbp,stage3,002,0.9921,180
tbp,stage3,003,0.6107,180
tbp,stage3,004,1.3788,180
tbp,stage3,005,1.7116,180
tbp,stage3,006,1.598,180
tbp,stage3,007,1.2096,180
tbp,stage3,008,2.2216,180
tbp,stage3,009,0.587,180
tbp,stage3,010,1.6672,180
tbp,stage3,011,1.519,180
tbp,stage3,012,1.3067,180
tbp,stage3,013,1.2111,180
tbp,stage3,014,1.7161,180
tbp,stage3,015,1.5521,180
tbp,stage3,016,1.4077,180
tbp,stage3,017,0.6437,180
tbp,stage3,018,1.6944,180
tbp,stage3,019,1.8942,180
tbp,stage3,020,1.1884,180
tbp,stage3,021,1.1294,180
tbp,stage3,022,1.7522,180
tbp,stage3,024,1.0119,180
tbp,stage3,025,0.6597,180
tbp,stage3,026,1.2923,180
tbp,stage3,028,0.6931,180
tbp,stage3,029,0.7977,180
tbp,stage3,030,1.488,180
tbp,stage3,031,0.9054,180
tbp,stage3,032,1.1117,180
tbp,stage3,033,1.0202,180
tbp,stage3,034,0.7997,180
tbp,stage3,035,1.1416,180
tbp,stage3,036,1.1622,180
tbp,stage3,037,1.1528,180
tbp,stage3,038,1.6275,180
tbp,stage3,039,0.9639,180
tbp,stage3,040,1.1336,180
tbp,stage3,041,0.9468,180
tbp,stage3,042,1.7655,180
tbp,stage3,043,1.3998,180
tbp,stage3,044,1.7263,180
tbp,stage3,045,1.0491,180
tbp,stage3,046,0.7905,180
tbp,stage3,047,1.0971,180
tbp,stage3,048,1.505,180
tbp,stage3,049,1.5325,180
tbp,stage3,050,1.2083,180
tbp,stage3,051,0.7424,180
tbp,stage3,052,1.5029,180
tbp,stage3,053,1.2189,180
tbp,stage3,054,0.802,180
tbp,stage3,055,1.0118,180
tbp,stage3,056,1.4018,180
tbp,stage3,057,0.7754,180
tbp,stage3,058,1.3284,180
tbp,stage3,059,0.6927,180
tbp,stage3,060,0.8226,180
tbp,stage3,061,1.5564,180
tbp,stage3,062,1.501,180
tbp,stage3,063,1.6983,180
tbp,stage3,064,0.8661,180
tbp,stage3,065,1.8943,180
tbp,stage3,066,1.3551,180
tbp,stage3,067,1.3415,180
tbp,stage3,068,1.6655,180
tbp,stage3,069,0.8006,180
tbp,stage3,070,0.9844,180
tbp,stage3,071,0.9693,180
tbp,stage3,072,1.4124,180
tbp,stage3,073,1.3356,180
tbp,stage3,074,1.0514,180
tbp,stage3,075,1.3928,180
tbp,stage3,076,0.825,180
tbp,stage3,077,0.9189,180
tbp,stage3,078,1.0374,180
tbp,stage3,079,2.0118,180
tbp,stage3,080,1.2344,180
tbp,stage3,081,1.0408,180
tbp,stage3,082,2.4673,180
tbp,stage3,083,1.1198,180
tbp,stage3,084,0.8802,180
tbp,stage3,086,0.7028,180
tbp,stage3,087,0.9764,180
tbp,stage3,088,1.3235,180
tbp,stage3,089,0.9163,180
tbp,stage3,090,1.3302,180
tbp,stage3,091,1.4468,180
tbp,stage3,092,2.1225,180
tbp,stage3,093,1.3316,180
tbp,stage3,094,1.1155,180
tbp,stage3,095,0.9235,180
tbp,stage3,096,1.2227,180
tbp,stage3,097,1.036,180
egr1,stage2,001,0.9702,85
egr1,stage2,002,1.2216,85
egr1,stage2,003,7.4602,85
egr1,stage2,004,4.5591,85
egr1,stage2,005,1.9301,85
egr1,stage2,006,1.3367,85
egr1,stage2,007,1.7579,85
egr1,stage2,008,0.962,85
egr1,stage2,009,1.1236,85
egr1,stage2,010,1.0801,85
egr1,stage2,011,1.2607,85
egr1,stage2,012,1.7351,85
egr1,stage2,013,2.0341,85
egr1,stage2,014,1.2284,85
egr1,stage2,015,2.5764,85
egr1,stage2,016,1.5613,85
egr1,stage2,017,1.3052,85
egr1,stage2,018,1.1354,85
egr1,stage2,019,1.457,85
egr1,stage2,020,0.8272,85
egr1,stage2,021,1.4796,85
egr1,stage2,022,1.1779,85
egr1,stage2,023,1.7744,85
egr1,stage2,024,1.0339,85
egr1,stage2,025,1.3068,85
egr1,stage2,026,1.6665,85
egr1,stage2,027,3.0506,85
egr1,stage2,028,1.501,85
egr1,stage2,029,1.3964,85
egr1,stage2,030,1.7035,85
egr1,stage2,031,1.5581,85
egr1,stage2,032,1.034,85
egr1,stage2,033,2.3457,85
egr1,stage2,034,1.8549,85
egr1,stage2,035,7.2371,85
egr1,stage2,036,1.4143,85
egr1,stage2,037,1.1551,85
egr1,stage2,038,1.279,85
egr1,stage2,039,1.3874,85
egr1,stage2,040,2.5672,85
egr1,stage2,041,1.7635,85
egr1,stage2,042,1.1791,85
egr1,stage2,043,1.3662,85
egr1,stage2,044,1.9048,85
egr1,stage2,045,3.3887,85
egr1,stage2,046,1.0448,85
egr1,stage2,047,1.3287,85
egr1,stage2,048,2.2482,85
egr1,stage2,049,2.5753,85
egr1,stage2,050,1.3716,85
egr1,stage2,051,1.3801,85
egr1,stage2,052,1.7744,85
egr1,stage2,053,1.6592,85
egr1,stage2,054,0.8895,85
egr1,stage2,055,1.1265,85
egr1,stage2,056,2.9425,85
egr1,stage2,057,1.9977,85
egr1,stage2,058,0.9307,85
egr1,stage2,059,1.7188,85
egr1,stage2,060,2.7129,85
egr1,stage2,061,2.2612,85
egr1,stage2,062,1.091,85
egr1,stage2,063,1.0922,85
egr1,stage2,064,1.6248,85
egr1,stage2,065,2.0113,85
egr1,stage2,066,1.3958,85
egr1,stage2,067,0.9728,85
egr1,stage2,068,1.6773,85
egr1,stage2,069,12.482,85
egr1,stage2,070,5.1993,85
egr1,stage2,071,0.9851,85
egr1,stage2,072,9.6331,85
egr1,stage2,073,1.0687,85
egr1,stage2,074,1.0601,85
egr1,stage2,075,1.921,85
egr1,stage2,076,1.8234,85
egr1,stage2,077,1.4908,85
egr1,stage2,078,1.4388,85
egr1,stage2,079,3.1978,85
egr1,stage2,080,1.4139,85
egr1,stage2,081,1.4476,85
egr1,stage2,082,10.7958,85
egr1,stage2,083,5.7202,85
egr1,stage2,084,0.9031,85
egr1,stage2,085,1.5437,85
egr1,stage2,086,1.3193,85
egr1,stage2,087,1.963,85
egr1,stage2,088,1.7205,85
egr1,stage2,089,1.8725,85
egr1,stage2,090,1.7654,85
egr1,stage2,091,1.8304,85
egr1,stage2,092,2.2301,85
egr1,stage2,093,1.0806,85
egr1,stage2,094,1.1802,85
egr1,stage2,095,1.395,85
egr1,stage2,096,1.5292,85
egr1,stage2,097,1.8609,85
egr1,stage2,098,1.9954,85
egr1,stage3,001,0.9436,85
egr1,stage3,002,1.2051,85
egr1,stage3,003,7.4482,85
egr1,stage3,004,4.5601,85
egr1,stage3,005,1.9113,85
egr1,stage3,006,1.3017,85
egr1,stage3,007,1.7312,85
egr1,stage3,008,0.9256,85
egr1,stage3,009,1.1051,85
egr1,stage3,010,1.0517,85
egr1,stage3,011,1.2455,85
egr1,stage3,012,1.6878,85
egr1,stage3,013,1.9978,85
egr1,stage3,014,1.1944,85
egr1,stage3,015,2.5695,85
egr1,stage3,016,1.5317,85
egr1,stage3,017,1.2786,85
egr1,stage3,018,1.1303,85
egr1,stage3,019,1.4367,85
egr1,stage3,020,0.797,85
egr1,stage3,021,1.4703,85
egr1,stage3,022,1.1591,85
egr1,stage3,023,1.7403,85
egr1,stage3,024,0.995,85
egr1,stage3,025,1.2925,85
egr1,stage3,026,1.6431,85
egr1,stage3,027,3.0008,85
egr1,stage3,028,1.502,85
egr1,stage3,029,1.3865,85
egr1,stage3,030,1.677,85
egr1,stage3,031,1.5599,85
egr1,stage3,032,1.0147,85
egr1,stage3,033,2.3421,85
egr1,stage3,034,1.8553,85
egr1,stage3,035,7.2388,85
egr1,stage3,036,1.3991,85
egr1,stage3,037,1.1479,85
egr1,stage3,038,1.2531,85
egr1,stage3,039,1.3491,85
egr1,stage3,040,2.5543,85
egr1,stage3,041,1.731,85
egr1,stage3,042,1.172,85
egr1,stage3,043,1.3486,85
egr1,stage3,044,1.8875,85
egr1,stage3,045,3.3691,85
egr1,stage3,046,1.0348,85
egr1,stage3,047,1.2991,85
egr1,stage3,048,2.2298,85
egr1,stage3,049,2.5112,85
egr1,stage3,050,1.3448,85
egr1,stage3,051,1.3581,85
egr1,stage3,052,1.7495,85
egr1,stage3,053,1.6277,85
egr1,stage3,054,0.8748,85
egr1,stage3,055,1.1048,85
egr1,stage3,056,2.9297,85
egr1,stage3,057,1.9577,85
egr1,stage3,058,0.9127,85
egr1,stage3,059,1.7246,85
egr1,stage3,060,2.6651,85
egr1,stage3,061,2.2141,85
egr1,stage3,062,1.1052,85
egr1,stage3,063,1.0784,85
egr1,stage3,064,1.6153,85
egr1,stage3,065,2.0113,85
egr1,stage3,066,1.3806,85
egr1,stage3,067,0.9493,85
egr1,stage3,068,1.6414,85
egr1,stage3,069,12.5222,85
egr1,stage3,070,5.2017,85
egr1,stage3,071,0.9771,85
egr1,stage3,072,9.6337,85
egr1,stage3,073,1.07,85
egr1,stage3,074,1.0407,85
egr1,stage3,075,1.908,85
egr1,stage3,076,1.7998,85
egr1,stage3,077,1.4762,85
egr1,stage3,078,1.4247,85
egr1,stage3,079,3.1586,85
egr1,stage3,080,1.4071,85
egr1,stage3,081,1.4402,85
egr1,stage3,082,10.8618,85
egr1,stage3,083,5.6984,85
egr1,stage3,084,0.8912,85
egr1,stage3,085,1.518,85
egr1,stage3,086,1.2787,85
egr1,stage3,087,1.9547,85
egr1,stage3,088,1.7058,85
egr1,stage3,089,1.8617,85
egr1,stage3,090,1.7355,85
egr1,stage3,091,1.8164,85
egr1,stage3,092,2.2281,85
egr1,stage3,093,1.0806,85
egr1,stage3,094,1.152,85
egr1,stage3,095,1.3799,85
egr1,stage3,096,1.52,85
egr1,stage3,097,1.8486,85
egr1,stage3,098,1.9652,85
foxa,stage2,001,2.3428,102
foxa,stage2,002,4.1527,102
foxa,stage2,003,3.3278,102
foxa,stage2,004,1.8008,102
foxa,stage2,005,8.3181,102
foxa,stage2,006,6.9097,102
foxa,stage2,007,5.8969,102
foxa,stage2,008,2.7656,102
foxa,stage2,009,3.2253,102
foxa,stage2,010,10.9722,102
foxa,stage2,011,5.8461,102
foxa,stage2,012,7.4137,102
foxa,stage2,013,6.1106,102
foxa,stage2,014,5.0449,102
foxa,stage2,015,2.094,102
foxa,stage2,016,3.434,102
foxa,stage2,017,6.003,102
foxa,stage2,018,8.9993,102
foxa,stage2,019,6.3031,102
foxa,stage2,020,3.2165,102
foxa,stage2,021,4.0966,102
foxa,stage2,022,3.5329,102
foxa,stage2,023,3.496,102
foxa,stage2,024,5.3802,102
foxa,stage2,025,4.8431,102
foxa,stage2,026,5.4939,102
foxa,stage2,027,7.2938,102
foxa,stage2,028,3.1169,102
foxa,stage2,029,5.0432,102
foxa,stage2,030,2.4912,102
foxa,stage2,031,2.2171,102
foxa,stage2,032,5.3749,102
foxa,stage2,033,3.3906,102
foxa,stage2,034,2.4121,102
foxa,stage2,035,9.8244,102
foxa,stage2,036,5.631,102
foxa,stage2,037,3.4277,102
foxa,stage2,038,5.3105,102
foxa,stage2,039,3.9808,102
foxa,stage2,040,2.7906,102
foxa,stage2,041,3.2669,102
foxa,stage2,042,4.4573,102
foxa,stage2,043,2.5365,102
foxa,stage2,044,7.5076,102
foxa,stage2,045,2.5211,102
foxa,stage2,046,6.4437,102
foxa,stage2,047,5.5826,102
foxa,stage2,048,1.8343,102
foxa,stage2,049,3.1414,102
foxa,stage2,050,4.8876,102
foxa,stage2,051,2.0253,102
foxa,stage2,052,5.0608,102
foxa,stage2,053,3.8537,102
foxa,stage2,054,4.0065,102
foxa,stage2,055,4.1938,102
foxa,stage2,056,6.6215,102
foxa,stage2,057,5.2578,102
foxa,stage2,058,3.9663,102
foxa,stage2,059,3.7562,102
foxa,stage2,060,5.4265,102
foxa,stage2,061,2.6831,102
foxa,stage2,062,5.6568,102
foxa,stage2,063,3.1265,102
foxa,stage2,064,4.3888,102
foxa,stage2,065,2.8562,102
foxa,stage2,066,6.5422,102
foxa,stage2,067,2.4911,102
foxa,stage2,068,2.2152,102
foxa,stage2,069,3.5863,102
foxa,stage2,070,5.7986,102
foxa,stage2,071,4.1693,102
foxa,stage2,072,3.6833,102
foxa,stage2,073,4.0392,102
foxa,stage2,074,6.6077,102
foxa,stage2,075,1.9437,102
foxa,stage2,076,5.4652,102
foxa,stage2,077,5.5066,102
foxa,stage2,078,3.9102,102
foxa,stage2,079,2.0833,102
foxa,stage2,080,3.2983,102
foxa,stage2,081,2.5746,102
foxa,stage2,082,6.9683,102
foxa,stage2,083,3.2853,102
foxa,stage2,084,2.5114,102
foxa,stage2,085,5.4296,102
foxa,stage2,086,12.2901,102
foxa,stage2,087,3.6051,102
foxa,stage2,088,3.5021,102
foxa,stage2,089,2.5306,102
foxa,stage2,090,4.161,102
foxa,stage2,091,5.156,102
foxa,stage2,092,2.7316,102
foxa,stage3,001,2.333,102
foxa,stage3,002,4.1123,102
foxa,stage3,003,3.3065,102
foxa,stage3,004,1.785,102
foxa,stage3,005,8.3917,102
foxa,stage3,006,6.9032,102
foxa,stage3,007,5.8871,102
foxa,stage3,008,2.7232,102
foxa,stage3,009,3.2016,102
foxa,stage3,010,11.0385,102
foxa,stage3,011,5.7919,102
foxa,stage3,012,7.4365,102
foxa,stage3,013,6.1746,102
foxa,stage3,014,5.0289,102
foxa,stage3,015,2.0616,102
foxa,stage3,016,3.4292,102
foxa,stage3,017,5.9951,102
foxa,stage3,018,9.0358,102
foxa,stage3,019,6.3175,102
foxa,stage3,020,3.2024,102
foxa,stage3,021,4.0933,102
foxa,stage3,022,3.5244,102
foxa,stage3,023,3.4899,102
foxa,stage3,024,5.4366,102
foxa,stage3,025,4.8262,102
foxa,stage3,026,5.4917,102
foxa,stage3,027,7.2577,102
foxa,stage3,028,3.1393,102
foxa,stage3,029,5.0487,102
foxa,stage3,030,2.4787,102
foxa,stage3,031,2.2033,102
foxa,stage3,032,5.362,102
foxa,stage3,033,3.4253,102
foxa,stage3,034,2.4039,102
foxa,stage3,035,9.8356,102
foxa,stage3,036,5.568,102
foxa,stage3,037,3.4343,102
foxa,stage3,038,5.3005,102
foxa,stage3,039,4.0217,102
foxa,stage3,040,2.7556,102
foxa,stage3,041,3.2639,102
foxa,stage3,042,4.4279,102
foxa,stage3,043,2.511,102
foxa,stage3,044,7.512,102
foxa,stage3,045,2.5163,102
foxa,stage3,046,6.4682,102
foxa,stage3,047,5.6361,102
foxa,stage3,048,1.7921,102
foxa,stage3,049,3.1086,102
foxa,stage3,050,4.8603,102
foxa,stage3,051,2.0257,102
foxa,stage3,052,5.0784,102
foxa,stage3,053,3.8168,102
foxa,stage3,054,3.994,102
foxa,stage3,055,4.2022,102
foxa,stage3,056,6.6753,102
foxa,stage3,057,5.2706,102
foxa,stage3,058,3.9334,102
foxa,stage3,059,3.7645,102
foxa,stage3,060,5.4419,102
foxa,stage3,061,2.6711,102
foxa,stage3,062,5.647,102
foxa,stage3,063,3.0948,102
foxa,stage3,064,4.3856,102
foxa,stage3,065,2.8543,102
foxa,stage3,066,6.5172,102
foxa,stage3,067,2.4868,102
foxa,stage3,068,2.1914,102
foxa,stage3,069,3.582,102
foxa,stage3,070,5.8533,102
foxa,stage3,071,4.1776,102
foxa,stage3,072,3.6396,102
foxa,stage3,073,4.0378,102
foxa,stage3,075,1.9387,102
foxa,stage3,076,5.4883,102
foxa,stage3,077,5.5393,102
foxa,stage3,078,3.8895,102
foxa,stage3,079,2.0607,102
foxa,stage3,080,3.3106,102
foxa,stage3,081,2.5473,102
foxa,stage3,082,7.0362,102
foxa,stage3,083,3.2672,102
foxa,stage3,084,2.4993,102
foxa,stage3,085,5.4134,102
foxa,stage3,086,12.337,102
foxa,stage3,087,3.6337,102
foxa,stage3,088,3.4946,102
foxa,stage3,089,2.5069,102
foxa,stage3,090,4.1795,102
foxa,stage3,091,5.1432,102
foxa,stage3,092,2.7226,102
lef1,stage2,001,4.9156,86
lef1,stage2,002,5.7888,86
lef1,stage2,003,5.3508,86
lef1,stage2,004,7.3844,86
lef1,stage2,005,5.0686,86
lef1,stage2,006,4.5449,86
lef1,stage2,007,6.9956,86
lef1,stage2,008,5.5832,86
lef1,stage2,009,3.7051,86
lef1,stage2,010,6.904,86
lef1,stage2,011,6.3109,86
lef1,stage2,012,4.5209,86
lef1,stage2,013,5.0887,86
lef1,stage2,014,4.5967,86
lef1,stage2,015,17.6013,86
lef1,stage2,016,8.5959,86
lef1,stage2,017,5.7821,86
lef1,stage2,018,3.3362,86
lef1,stage2,019,6.7117,86
lef1,stage2,020,2.804,86
lef1,stage2,021,5.904,86
lef1,stage2,022,4.1287,86
lef1,stage2,023,3.8688,86
lef1,stage2,024,5.5926,86
lef1,stage2,025,2.9652,86
lef1,stage2,026,6.3243,86
lef1,stage2,027,5.0867,86
lef1,stage2,028,5.0189,86
lef1,stage2,029,6.1532,86
lef1,stage2,030,4.4296,86
lef1,stage2,031,4.9732,86
lef1,stage2,032,6.5294,86
lef1,stage2,033,6.2692,86
lef1,stage2,034,3.1629,86
lef1,stage2,035,5.7393,86
lef1,stage2,036,4.6479,86
lef1,stage2,037,5.7149,86
lef1,stage2,038,3.6142,86
lef1,stage2,039,3.682,86
lef1,stage2,040,3.4659,86
lef1,stage2,041,4.7962,86
lef1,stage2,042,8.1223,86
lef1,stage2,043,3.6795,86
lef1,stage2,044,6.3046,86
lef1,stage2,045,6.1468,86
lef1,stage2,046,5.2152,86
lef1,stage2,047,5.3489,86
lef1,stage2,048,4.0009,86
lef1,stage2,049,3.9937,86
lef1,stage2,050,6.1977,86
lef1,stage2,051,3.5156,86
lef1,stage2,052,4.7767,86
lef1,stage2,053,6.6401,86
lef1,stage2,054,5.3701,86
lef1,stage2,055,2.9665,86
lef1,stage2,056,2.8159,86
lef1,stage2,057,3.4702,86
lef1,stage2,058,6.3406,86
lef1,stage2,059,8.012,86
lef1,stage2,060,2.8152,86
lef1,stage2,061,7.4269,86
lef1,stage2,062,5.6154,86
lef1,stage2,063,2.4899,86
lef1,stage2,064,11.587,86
lef1,stage2,065,4.2499,86
lef1,stage2,066,5.5367,86
lef1,stage2,067,2.5565,86
lef1,stage2,068,3.8176,86
lef1,stage2,069,2.8803,86
lef1,stage2,070,4.3475,86
lef1,stage2,071,5.8155,86
lef1,stage2,072,6.9857,86
lef1,stage2,073,3.0628,86
lef1,stage2,074,4.3178,86
lef1,stage2,075,3.1873,86
lef1,stage2,076,3.6434,86
lef1,stage2,077,6.799,86
lef1,stage2,078,5.3536,86
lef1,stage2,079,5.3663,86
lef1,stage2,080,4.3163,86
lef1,stage2,081,5.157,86
lef1,stage2,082,4.8148,86
lef1,stage2,083,4.8241,86
lef1,stage2,084,4.081,86
lef1,stage2,085,5.2282,86
lef1,stage2,086,3.6465,86
lef1,stage2,087,8.5776,86
lef1,stage2,088,4.9053,86
lef1,stage2,089,6.0421,86
lef1,stage3,002,5.8037,86
lef1,stage3,003,5.2998,86
lef1,stage3,004,7.4199,86
lef1,stage3,005,4.9333,86
lef1,stage3,006,4.5393,86
lef1,stage3,007,7.0706,86
lef1,stage3,008,5.5991,86
lef1,stage3,009,3.72,86
lef1,stage3,010,6.866,86
lef1,stage3,011,6.3151,86
lef1,stage3,012,4.499,86
lef1,stage3,015,17.7348,86
lef1,stage3,016,8.6407,86
lef1,stage3,017,5.8532,86
lef1,stage3,018,3.2864,86
lef1,stage3,019,6.7215,86
lef1,stage3,020,2.8141,86
lef1,stage3,021,5.877,86
lef1,stage3,022,4.1517,86
lef1,stage3,023,3.8753,86
lef1,stage3,024,5.6067,86
lef1,stage3,025,2.9874,86
lef1,stage3,026,6.359,86
lef1,stage3,027,5.0619,86
lef1,stage3,028,5.0037,86
lef1,stage3,029,6.0912,86
lef1,stage3,030,4.4291,86
lef1,stage3,031,5.0086,86
lef1,stage3,032,6.644,86
lef1,stage3,033,6.3242,86
lef1,stage3,034,3.1168,86
lef1,stage3,035,5.7286,86
lef1,stage3,036,4.6288,86
lef1,stage3,037,5.688,86
lef1,stage3,038,3.5896,86
lef1,stage3,039,3.717,86
lef1,stage3,040,3.4926,86
lef1,stage3,041,4.7679,86
lef1,stage3,042,8.1977,86
lef1,stage3,043,3.6859,86
lef1,stage3,044,6.3232,86
lef1,stage3,045,6.1148,86
lef1,stage3,046,5.2399,86
lef1,stage3,047,5.3331,86
lef1,stage3,048,3.9879,86
lef1,stage3,049,3.9738,86
lef1,stage3,051,3.4571,86
lef1,stage3,052,4.8064,86
lef1,stage3,054,5.3506,86
lef1,stage3,055,2.9903,86
lef1,stage3,056,2.8141,86
lef1,stage3,057,3.4093,86
lef1,stage3,058,6.3898,86
lef1,stage3,059,8.0054,86
lef1,stage3,061,7.4179,86
lef1,stage3,062,5.5937,86
lef1,stage3,063,2.4296,86
lef1,stage3,064,11.7225,86
lef1,stage3,065,4.2364,86
lef1,stage3,066,5.5795,86
lef1,stage3,067,2.5491,86
lef1,stage3,068,3.8254,86
lef1,stage3,069,2.883,86
lef1,stage3,070,4.4,86
lef1,stage3,071,5.8149,86
lef1,stage3,072,7.0102,86
lef1,stage3,073,3.0523,86
lef1,stage3,074,4.312,86
lef1,stage3,075,3.1702,86
lef1,stage3,076,3.6315,86
lef1,stage3,077,6.8414,86
lef1,stage3,078,5.3467,86
lef1,stage3,079,5.3262,86
lef1,stage3,080,4.2978,86
lef1,stage3,081,5.1788,86
lef1,stage3,082,4.8263,86
lef1,stage3,083,4.8239,86
lef1,stage3,084,4.0901,86
lef1,stage3,085,5.2526,86
lef1,stage3,086,3.6288,86
lef1,stage3,087,8.5769,86
lef1,stage3,088,4.9189,86
lef1,stage3,089,6.0915,86
engrailed,stage2,001,2.0401,55
engrailed,stage2,002,2.1588,55
engrailed,stage2,003,1.9254,55
engrailed,stage2,004,1.7691,55
engrailed,stage2,005,3.145,55
engrailed,stage2,006,2.2234,55
engrailed,stage2,007,2.2277,55
engrailed,stage2,008,2.9973,55
engrailed,stage2,009,2.8586,55
engrailed,stage2,010,2.7666,55
engrailed,stage2,011,1.8866,55
engrailed,stage2,012,2.278,55
engrailed,stage2,013,0.905,55
engrailed,stage2,014,5.4901,55
engrailed,stage2,015,1.5665,55
engrailed,stage2,016,1.4039,55
engrailed,stage2,017,1.7126,55
engrailed,stage2,018,1.8221,55
engrailed,stage2,019,1.973,55
engrailed,stage2,020,1.4345,55
engrailed,stage2,021,2.5353,55
engrailed,stage2,022,1.0797,55
engrailed,stage2,023,1.9655,55
engrailed,stage2,024,3.158,55
engrailed,stage2,025,2.0599,55
engrailed,stage2,026,2.1267,55
engrailed,stage2,027,1.6393,55
engrailed,stage2,028,0.7484,55
engrailed,stage2,029,1.8933,55
engrailed,stage2,030,2.1661,55
engrailed,stage2,031,1.3421,55
engrailed,stage2,032,1.1761,55
engrailed,stage2,033,1.9456,55
engrailed,stage2,034,3.2041,55
engrailed,stage2,035,1.6464,55
engrailed,stage2,036,1.2399,55
engrailed,stage2,037,2.3265,55
engrailed,stage2,038,1.6879,55
engrailed,stage2,039,2.9837,55
engrailed,stage2,040,2.177,55
engrailed,stage2,041,4.4779,55
engrailed,stage2,042,1.6279,55
engrailed,stage2,043,1.1927,55
engrailed,stage2,044,2.3776,55
engrailed,stage2,045,2.4341,55
engrailed,stage2,046,2.4226,55
engrailed,stage2,047,2.6033,55
engrailed,stage2,048,1.825,55
engrailed,stage2,049,3.3598,55
engrailed,stage2,050,1.4085,55
engrailed,stage2,051,1.8389,55
engrailed,stage2,052,2.6825,55
engrailed,stage2,053,1.9004,55
engrailed,stage2,054,1.3661,55
engrailed,stage2,055,1.7785,55
engrailed,stage2,056,1.3775,55
engrailed,stage2,057,1.8202,55
engrailed,stage2,058,3.5359,55
engrailed,stage2,059,2.6348,55
engrailed,stage2,060,2.5649,55
engrailed,stage2,061,1.6239,55
engrailed,stage2,062,1.9904,55
engrailed,stage2,063,0.7762,55
engrailed,stage2,064,0.931,55
engrailed,stage2,065,1.7436,55
engrailed,stage2,066,1.8511,55
engrailed,stage2,067,3.6412,55
engrailed,stage2,068,0.9537,55
engrailed,stage2,069,1.2263,55
engrailed,stage2,070,1.94,55
engrailed,stage2,071,2.4427,55
engrailed,stage2,072,2.1334,55
engrailed,stage2,073,2.8739,55
engrailed,stage2,074,1.4287,55
engrailed,stage2,075,2.4039,55
engrailed,stage2,076,2.0459,55
engrailed,stage2,077,1.4954,55
engrailed,stage2,078,3.3911,55
engrailed,stage2,079,2.1891,55
engrailed,stage2,080,1.7834,55
engrailed,stage2,081,1.2796,55
engrailed,stage2,082,1.9391,55
engrailed,stage2,083,2.3609,55
engrailed,stage2,084,3.0192,55
engrailed,stage2,085,2.7015,55
engrailed,stage2,086,2.0561,55
engrailed,stage2,087,2.1259,55
engrailed,stage2,088,1.7524,55
engrailed,stage2,089,1.5279,55
engrailed,stage2,090,1.3998,55
engrailed,stage2,091,3.3732,55
engrailed,stage2,092,1.9759,55
engrailed,stage2,093,2.5896,55
engrailed,stage2,094,2.6171,55
engrailed,stage2,095,2.1561,55
engrailed,stage2,096,3.0228,55
engrailed,stage2,097,1.9417,55
engrailed,stage3,001,2.0275,55
engrailed,stage3,002,2.1265,55
engrailed,stage3,003,1.9061,55
engrailed,stage3,004,1.7506,55
engrailed,stage3,005,3.0838,55
engrailed,stage3,006,2.205,55
engrailed,stage3,007,2.2205,55
engrailed,stage3,008,2.9231,55
engrailed,stage3,009,2.8176,55
engrailed,stage3,010,2.7414,55
engrailed,stage3,011,1.8825,55
engrailed,stage3,012,2.2675,55
engrailed,stage3,013,0.8729,55
engrailed,stage3,014,5.3788,55
engrailed,stage3,015,1.5224,55
engrailed,stage3,016,1.3814,55
engrailed,stage3,017,1.6536,55
engrailed,stage3,018,1.8133,55
engrailed,stage3,019,1.9863,55
engrailed,stage3,020,1.4032,55
engrailed,stage3,021,2.5488,55
engrailed,stage3,022,0.9468,55
engrailed,stage3,023,1.9524,55
engrailed,stage3,024,3.1721,55
engrailed,stage3,025,2.0516,55
engrailed,stage3,026,2.1095,55
engrailed,stage3,027,1.6131,55
engrailed,stage3,028,0.6896,55
engrailed,stage3,029,1.8516,55
engrailed,stage3,030,2.1097,55
engrailed,stage3,031,1.3091,55
engrailed,stage3,032,1.1302,55
engrailed,stage3,033,1.8889,55
engrailed,stage3,034,3.2313,55
engrailed,stage3,035,1.6406,55
engrailed,stage3,036,1.2019,55
engrailed,stage3,037,2.3266,55
engrailed,stage3,038,1.6885,55
engrailed,stage3,039,2.9706,55
engrailed,stage3,040,2.1151,55
engrailed,stage3,041,4.4513,55
engrailed,stage3,042,1.5978,55
engrailed,stage3,043,1.1717,55
engrailed,stage3,044,2.3835,55
engrailed,stage3,045,2.4309,55
engrailed,stage3,046,2.4062,55
engrailed,stage3,047,2.5881,55
engrailed,stage3,048,1.8299,55
engrailed,stage3,049,3.2306,55
engrailed,stage3,050,1.4,55
engrailed,stage3,051,1.8566,55
engrailed,stage3,053,1.8975,55
engrailed,stage3,054,1.3601,55
engrailed,stage3,055,1.7805,55
engrailed,stage3,056,1.3135,55
engrailed,stage3,057,1.7927,55
engrailed,stage3,058,3.5087,55
engrailed,stage3,059,2.6363,55
engrailed,stage3,060,2.5543,55
engrailed,stage3,062,1.9527,55
engrailed,stage3,063,0.6898,55
engrailed,stage3,064,0.8352,55
engrailed,stage3,065,1.7163,55
engrailed,stage3,066,1.7628,55
engrailed,stage3,067,3.5747,55
engrailed,stage3,068,0.8981,55
engrailed,stage3,069,1.2135,55
engrailed,stage3,070,1.9383,55
engrailed,stage3,071,2.4161,55
engrailed,stage3,072,2.0846,55
engrailed,stage3,073,2.8237,55
engrailed,stage3,074,1.4082,55
engrailed,stage3,075,2.4062,55
engrailed,stage3,076,2.0371,55
engrailed,stage3,077,1.4666,55
engrailed,stage3,078,3.3607,55
engrailed,stage3,079,2.1631,55
engrailed,stage3,080,1.7561,55
engrailed,stage3,081,1.2625,55
engrailed,stage3,082,1.9325,55
engrailed,stage3,083,2.3727,55
engrailed,stage3,084,2.981,55
engrailed,stage3,085,2.6918,55
engrailed,stage3,086,2.0374,55
engrailed,stage3,087,2.137,55
engrailed,stage3,088,1.7302,55
engrailed,stage3,089,1.502,55
engrailed,stage3,090,1.3659,55
engrailed,stage3,091,3.3965,55
engrailed,stage3,092,1.9296,55
engrailed,stage3,093,2.5675,55
engrailed,stage3,094,2.6138,55
engrailed,stage3,095,2.1196,55
engrailed,stage3,096,3.0325,55
engrailed,stage3,097,1.9351,55
ets1,stage2,001,1.7085,104
ets1,stage2,002,1.7197,104
ets1,stage2,003,1.1689,104
ets1,stage2,004,2.6666,104
ets1,stage2,005,1.6421,104
ets1,stage2,006,1.1296,104
ets1,stage2,007,3.8738,104
ets1,stage2,008,1.4004,104
ets1,stage2,009,1.0767,104
ets1,stage2,010,1.031,104
ets1,stage2,011,1.0151,104
ets1,stage2,012,1.4067,104
ets1,stage2,013,0.9194,104
ets1,stage2,014,1.2288,104
ets1,stage2,015,0.8999,104
ets1,stage2,016,1.0737,104
ets1,stage2,017,1.1129,104
ets1,stage2,018,1.314,104
ets1,stage2,019,1.1495,104
ets1,stage2,020,1.712,104
ets1,stage2,021,1.3184,104
ets1,stage2,022,1.278,104
ets1,stage2,023,2.3378,104
ets1,stage2,024,1.1341,104
ets1,stage2,025,1.679,104
ets1,stage2,026,1.5853,104
ets1,stage2,027,1.2047,104
ets1,stage2,028,1.4057,104
ets1,stage2,029,1.9202,104
ets1,stage2,030,0.9565,104
ets1,stage2,031,1.1124,104
ets1,stage2,032,1.2955,104
ets1,stage2,033,1.0321,104
ets1,stage2,034,3.3794,104
ets1,stage2,035,1.1149,104
ets1,stage2,036,1.9285,104
ets1,stage2,037,1.0929,104
ets1,stage2,038,1.4807,104
ets1,stage2,039,2.3227,104
ets1,stage2,040,1.4231,104
ets1,stage2,041,1.4082,104
ets1,stage2,042,0.9166,104
ets1,stage2,043,1.5692,104
ets1,stage2,044,1.1235,104
ets1,stage2,045,1.1593,104
ets1,stage2,046,1.6623,104
ets1,stage2,047,1.5887,104
ets1,stage2,048,1.0034,104
ets1,stage2,049,1.2845,104
ets1,stage2,050,1.166,104
ets1,stage2,051,1.3007,104
ets1,stage2,052,1.3452,104
ets1,stage2,053,1.3683,104
ets1,stage2,054,1.0122,104
ets1,stage2,055,1.704,104
ets1,stage2,056,1.4173,104
ets1,stage2,057,1.1641,104
ets1,stage2,058,1.1759,104
ets1,stage2,059,1.3125,104
ets1,stage2,060,1.5691,104
ets1,stage2,061,1.5827,104
ets1,stage2,062,1.2127,104
ets1,stage2,063,1.3833,104
ets1,stage2,064,0.9688,104
ets1,stage2,065,1.3059,104
ets1,stage2,066,1.2452,104
ets1,stage2,067,1.9576,104
ets1,stage2,068,1.4025,104
ets1,stage2,069,1.6529,104
ets1,stage2,070,1.1151,104
ets1,stage2,071,1.2322,104
ets1,stage2,072,1.1379,104
ets1,stage2,073,1.2103,104
ets1,stage2,074,1.0561,104
ets1,stage2,075,1.0061,104
ets1,stage2,076,2.2711,104
ets1,stage2,077,1.18,104
ets1,stage2,078,1.3912,104
ets1,stage2,079,1.7698,104
ets1,stage2,080,0.9516,104
ets1,stage2,081,1.3694,104
ets1,stage2,082,1.2727,104
ets1,stage2,083,1.1727,104
ets1,stage2,084,1.181,104
ets1,stage2,085,1.3359,104
ets1,stage2,086,1.3337,104
ets1,stage2,087,1.3116,104
ets1,stage2,088,1.5985,104
ets1,stage2,089,1.3628,104
ets1,stage2,090,0.9888,104
ets1,stage2,091,1.5698,104
ets1,stage2,092,1.0319,104
ets1,stage2,093,1.3314,104
ets1,stage2,094,0.9445,104
ets1,stage2,095,1.4352,104
ets1,stage2,096,1.2544,104
ets1,stage2,097,1.2144,104
ets1,stage2,098,1.0912,104
ets1,stage2,099,0.9888,104
ets1,stage2,100,1.296,104
ets1,stage3,001,1.656,104
ets1,stage3,002,1.7013,104
ets1,stage3,003,1.1481,104
ets1,stage3,004,2.6483,104
ets1,stage3,005,1.6223,104
ets1,stage3,006,1.0928,104
ets1,stage3,007,3.8895,104
ets1,stage3,008,1.3556,104
ets1,stage3,009,1.0416,104
ets1,stage3,010,1.0008,104
ets1,stage3,011,0.982,104
ets1,stage3,012,1.3816,104
ets1,stage3,013,0.8807,104
ets1,stage3,014,1.1883,104
ets1,stage3,015,0.8694,104
ets1,stage3,016,1.0377,104
ets1,stage3,017,1.0866,104
ets1,stage3,018,1.2848,104
ets1,stage3,019,1.1128,104
ets1,stage3,020,1.6886,104
ets1,stage3,021,1.289,104
ets1,stage3,022,1.2559,104
ets1,stage3,023,2.3038,104
ets1,stage3,024,1.0959,104
ets1,stage3,025,1.6438,104
ets1,stage3,026,1.5792,104
ets1,stage3,027,1.152,104
ets1,stage3,028,1.3689,104
ets1,stage3,029,1.923,104
ets1,stage3,030,0.912,104
ets1,stage3,031,1.0789,104
ets1,stage3,032,1.267,104
ets1,stage3,033,1.005,104
ets1,stage3,034,3.3634,104
ets1,stage3,035,1.0942,104
ets1,stage3,036,1.9115,104
ets1,stage3,037,1.0541,104
ets1,stage3,038,1.4731,104
ets1,stage3,039,2.3128,104
ets1,stage3,040,1.3891,104
ets1,stage3,041,1.3941,104
ets1,stage3,042,0.8789,104
ets1,stage3,043,1.5521,104
ets1,stage3,044,1.0824,104
ets1,stage3,045,1.1219,104
ets1,stage3,046,1.632,104
ets1,stage3,047,1.5716,104
ets1,stage3,048,0.9556,104
ets1,stage3,049,1.266,104
ets1,stage3,050,1.1192,104
ets1,stage3,051,1.262,104
ets1,stage3,052,1.3179,104
ets1,stage3,053,1.3495,104
ets1,stage3,054,0.9653,104
ets1,stage3,055,1.7018,104
ets1,stage3,056,1.3774,104
ets1,stage3,057,1.1222,104
ets1,stage3,058,1.145,104
ets1,stage3,059,1.2736,104
ets1,stage3,060,1.5221,104
ets1,stage3,061,1.5659,104
ets1,stage3,062,1.1719,104
ets1,stage3,063,1.3544,104
ets1,stage3,064,0.9269,104
ets1,stage3,065,1.2828,104
ets1,stage3,066,1.2112,104
ets1,stage3,067,1.9334,104
ets1,stage3,068,1.3732,104
ets1,stage3,069,1.6183,104
ets1,stage3,070,1.0818,104
ets1,stage3,071,1.1941,104
ets1,stage3,072,1.1012,104
ets1,stage3,073,1.1846,104
ets1,stage3,074,1.0217,104
ets1,stage3,075,0.9756,104
ets1,stage3,076,2.2572,104
ets1,stage3,077,1.1557,104
ets1,stage3,078,1.3809,104
ets1,stage3,079,1.7581,104
ets1,stage3,080,0.9149,104
ets1,stage3,081,1.3508,104
ets1,stage3,082,1.2376,104
ets1,stage3,083,1.1451,104
ets1,stage3,084,1.1439,104
ets1,stage3,085,1.3097,104
ets1,stage3,086,1.3219,104
ets1,stage3,087,1.2777,104
ets1,stage3,088,1.5799,104
ets1,stage3,089,1.3259,104
ets1,stage3,090,0.9486,104
ets1,stage3,091,1.5499,104
ets1,stage3,092,0.9882,104
ets1,stage3,093,1.2826,104
ets1,stage3,094,0.9198,104
ets1,stage3,095,1.3921,104
ets1,stage3,096,1.2206,104
ets1,stage3,097,1.182,104
ets1,stage3,098,1.0484,104
ets1,stage3,099,0.9546,104
ets1,stage3,100,1.2601,104
